{"stats":{"minecraft:custom":{"minecraft:time_since_rest":3,"minecraft:sprint_one_cm":5736,"minecraft:damage_taken":660,"minecraft:walk_one_cm":19345,"minecraft:drop":15,"minecraft:damage_dealt":30,"minecraft:interact_with_crafting_table":6,"minecraft:fly_one_cm":8285,"minecraft:crouch_one_cm":2609,"minecraft:play_time":12616,"minecraft:deaths":1,"minecraft:sneak_time":1770,"minecraft:jump":51,"minecraft:leave_game":1,"minecraft:walk_on_water_one_cm":95,"minecraft:time_since_death":0,"minecraft:total_world_time":12616,"minecraft:fall_one_cm":687},"minecraft:crafted":{"minecraft:stick":16,"minecraft:stone_pickaxe":2,"minecraft:furnace":5,"minecraft:acacia_planks":32,"minecraft:torch":4,"minecraft:stone_axe":1},"minecraft:used":{"minecraft:diorite":2,"minecraft:stone_pickaxe":258,"minecraft:wooden_pickaxe":3,"minecraft:stone_axe":2,"minecraft:crafting_table":2,"minecraft:andesite":1},"minecraft:picked_up":{"minecraft:wooden_axe":1,"minecraft:crafting_table":2,"minecraft:raw_iron":25,"minecraft:andesite":19,"minecraft:wooden_pickaxe":2,"minecraft:acacia_log":8,"minecraft:diorite":5,"minecraft:granite":36,"minecraft:coal":93,"minecraft:cobblestone":89},"minecraft:mined":{"minecraft:acacia_leaves":2,"minecraft:iron_ore":25,"minecraft:andesite":19,"minecraft:crafting_table":2,"minecraft:granite":28,"minecraft:grass":1,"minecraft:acacia_log":8,"minecraft:coal_ore":94,"minecraft:stone":89,"minecraft:diorite":5},"minecraft:broken":{"minecraft:stone_pickaxe":1},"minecraft:dropped":{"minecraft:diorite":3,"minecraft:wooden_axe":1,"minecraft:andesite":18,"minecraft:granite":36,"minecraft:wooden_pickaxe":2}},"DataVersion":3120}