{"stats":{"minecraft:picked_up":{"minecraft:wheat":1,"minecraft:water_bucket":4,"minecraft:tripwire_hook":1,"minecraft:potato":72,"minecraft:wither_skeleton_skull":1,"minecraft:lantern":1,"minecraft:iron_axe":1,"minecraft:name_tag":2,"minecraft:bone":9,"minecraft:apple":64,"minecraft:bow":1,"minecraft:wheat_seeds":7,"minecraft:birch_wood":4,"minecraft:iron_ingot":6,"minecraft:iron_nugget":2,"minecraft:egg":4,"minecraft:book":2,"minecraft:raw_iron":2,"minecraft:stick":5,"wondrouswilds:small_polypore":3,"minecraft:dandelion":2,"minecraft:redstone":12,"galosphere:silver_nugget":3,"minecraft:arrow":10,"minecraft:rotten_flesh":3,"minecraft:hay_block":7,"minecraft:crossbow":1,"minecraft:gold_ingot":14,"minecraft:spruce_sign":2,"minecraft:emerald":7,"minecraft:bread":44,"minecraft:oak_sapling":6,"minecraft:coal":2,"minecraft:cod":4},"minecraft:mined":{"geocluster:iron_ore_sample":2,"minecraft:birch_wood":4,"minecraft:hay_block":7,"geocluster:redstone_ore_sample":3,"minecraft:stone":1,"minecraft:wither_skeleton_skull":1,"wondrouswilds:small_polypore":2},"minecraft:custom":{"minecraft:mob_kills":27,"minecraft:interact_with_crafting_table":3,"minecraft:open_barrel":13,"minecraft:leave_game":1,"minecraft:time_since_death":14107,"minecraft:climb_one_cm":10533,"minecraft:time_since_rest":14131,"minecraft:sprint_one_cm":70375,"minecraft:damage_taken":230,"minecraft:walk_one_cm":37991,"minecraft:drop":11,"minecraft:damage_dealt":6221,"minecraft:fly_one_cm":215138,"minecraft:open_chest":47,"minecraft:crouch_one_cm":1449,"minecraft:play_time":20619,"minecraft:deaths":1,"minecraft:sneak_time":245,"minecraft:jump":412,"minecraft:walk_on_water_one_cm":27,"minecraft:total_world_time":20619,"minecraft:fall_one_cm":9013},"minecraft:used":{"minecraft:writable_book":1,"minecraft:wooden_pickaxe":1,"minecraft:stone":1,"minecraft:iron_sword":3,"minecraft:crafting_table":1,"galosphere:sterling_chestplate":1,"philipsruins:chiseled_bone_bricks":1,"galosphere:sterling_boots":1,"minecraft:wooden_axe":4,"wondrouswilds:small_polypore":3,"betterend:aeternium_sword":27,"galosphere:sterling_helmet":1,"geocluster:ender_ore_sample":2,"minecraft:bread":3,"minecraft:map":5,"galosphere:sterling_leggings":1,"betternether:nether_ruby_sword":59,"minecraft:egg":4},"minecraft:crafted":{"minecraft:oak_planks":76,"minecraft:crafting_table":1,"minecraft:wooden_pickaxe":1,"minecraft:stick":4,"minecraft:wooden_axe":1},"minecraft:dropped":{"geocluster:ender_ore_sample":1,"minecraft:wheat_seeds":7,"minecraft:wheat":1,"minecraft:filled_map":5,"minecraft:map":1,"minecraft:writable_book":1,"minecraft:redstone":3},"minecraft:killed":{"minecraft:magma_cube":2,"minecraft:husk":2,"minecraft:witch":1,"minecraft:vindicator":4,"minecraft:skeleton":12,"minecraft:pillager":2,"minecraft:zombie":4}},"DataVersion":3120}