{"stats":{"minecraft:custom":{"minecraft:interact_with_furnace":5,"minecraft:sprint_one_cm":33318,"minecraft:damage_taken":683,"minecraft:walk_one_cm":19256,"minecraft:mob_kills":13,"minecraft:drop":17,"minecraft:damage_dealt":1861,"minecraft:swim_one_cm":12104,"minecraft:interact_with_crafting_table":8,"minecraft:fly_one_cm":217602,"minecraft:crouch_one_cm":523,"minecraft:play_time":16173,"minecraft:deaths":2,"minecraft:sneak_time":269,"minecraft:walk_under_water_one_cm":6770,"minecraft:boat_one_cm":76678,"minecraft:jump":374,"minecraft:leave_game":2,"minecraft:time_since_death":3131,"minecraft:walk_on_water_one_cm":4429,"minecraft:total_world_time":16173,"minecraft:climb_one_cm":601,"minecraft:fall_one_cm":14399,"minecraft:time_since_rest":3225},"minecraft:crafted":{"minecraft:cooked_beef":3,"minecraft:cooked_porkchop":2,"minecraft:crafting_table":2,"minecraft:stick":12,"minecraft:wooden_pickaxe":1,"minecraft:stone_pickaxe":1,"minecraft:wooden_axe":1,"minecraft:furnace":1,"minecraft:acacia_planks":24,"minecraft:birch_planks":28,"minecraft:stone_axe":1,"minecraft:air":0,"minecraft:acacia_boat":1},"minecraft:used":{"minecraft:acacia_boat":1,"minecraft:stone_pickaxe":23,"minecraft:wooden_pickaxe":7,"minecraft:stone_axe":33,"minecraft:crafting_table":2,"minecraft:furnace":1,"minecraft:cooked_beef":2},"minecraft:picked_up":{"minecraft:wooden_axe":1,"minecraft:birch_log":7,"minecraft:stick":1,"minecraft:salmon":2,"minecraft:copper_ingot":2,"minecraft:leather":2,"minecraft:acacia_log":6,"minecraft:porkchop":2,"minecraft:string":2,"minecraft:arrow":1,"minecraft:rotten_flesh":8,"minecraft:beef":3,"minecraft:light_gray_wool":1,"minecraft:birch_sapling":1,"minecraft:mutton":4,"minecraft:acacia_sapling":1,"minecraft:coal":18,"minecraft:furnace":1,"minecraft:white_wool":2,"minecraft:cobblestone":20},"minecraft:mined":{"minecraft:furnace":1,"minecraft:birch_log":7,"minecraft:birch_leaves":1,"minecraft:grass":3,"minecraft:acacia_log":6,"minecraft:coal_ore":9,"minecraft:tall_grass":1,"minecraft:stone":20},"minecraft:killed":{"minecraft:sheep":3,"minecraft:skeleton":1,"minecraft:zombie":1,"minecraft:pig":1,"minecraft:salmon":2,"minecraft:spider":1,"minecraft:drowned":3,"minecraft:cow":1},"minecraft:killed_by":{"minecraft:creeper":1,"minecraft:zombie":1},"minecraft:dropped":{"minecraft:wooden_axe":2,"minecraft:birch_sapling":1,"minecraft:acacia_sapling":1,"minecraft:rotten_flesh":6,"minecraft:oak_planks":3,"minecraft:arrow":1,"minecraft:wooden_pickaxe":1,"minecraft:copper_ingot":2,"minecraft:coal":1,"minecraft:acacia_planks":5}},"DataVersion":3120}