{
  "minecraft:recipes/tools/fishing_rod": {
    "criteria": {
      "has_string": "2024-05-14 02:14:51 +0000"
    },
    "done": true
  },
  "minecraft:recipes/food/cooked_mutton_from_campfire_cooking": {
    "criteria": {
      "has_mutton": "2024-05-14 02:07:16 +0000"
    },
    "done": true
  },
  "incendium:technical/on_block": {
    "criteria": {
      "log_spam_fixer": "2024-05-14 02:21:57 +0000"
    },
    "done": false
  },
  "betterend:recipes/decorations/tenanea_bookshelf": {
    "criteria": {
      "has_718_book": "2024-05-14 02:13:23 +0000"
    },
    "done": true
  },
  "betterend:recipes/decorations/lucernia_fence": {
    "criteria": {
      "has_806_stick": "2024-05-14 02:08:34 +0000"
    },
    "done": true
  },
  "betterend:recipes/decorations/umbrella_tree_ladder": {
    "criteria": {
      "has_763_stick": "2024-05-14 02:08:34 +0000"
    },
    "done": true
  },
  "betterend:recipes/decorations/jellyshroom_fence": {
    "criteria": {
      "has_780_stick": "2024-05-14 02:08:34 +0000"
    },
    "done": true
  },
  "betterend:recipes/decorations/tenanea_gate": {
    "criteria": {
      "has_704_stick": "2024-05-14 02:08:34 +0000"
    },
    "done": true
  },
  "minecraft:recipes/combat/iron_sword": {
    "criteria": {
      "has_iron_ingot": "2024-05-14 02:14:51 +0000"
    },
    "done": true
  },
  "minecraft:recipes/building_blocks/stone_bricks": {
    "criteria": {
      "has_stone": "2024-05-14 02:05:34 +0000"
    },
    "done": true
  },
  "betternether:recipes/decorations/acacia_taburet": {
    "criteria": {
      "has_218_stick": "2024-05-14 02:08:34 +0000"
    },
    "done": true
  },
  "minecraft:recipes/misc/writable_book": {
    "criteria": {
      "has_book": "2024-05-14 02:13:23 +0000"
    },
    "done": true
  },
  "betterend:recipes/decorations/iron_chandelier": {
    "criteria": {
      "has_1116_iron_ingot": "2024-05-14 02:14:51 +0000"
    },
    "done": true
  },
  "minecraft:recipes/misc/wheat": {
    "criteria": {
      "has_hay_block": "2024-05-14 02:05:43 +0000"
    },
    "done": true
  },
  "betternether:recipes/decorations/chair_cincinnasite": {
    "criteria": {
      "has_192_stick": "2024-05-14 02:08:34 +0000"
    },
    "done": true
  },
  "minecraft:recipes/tools/iron_pickaxe": {
    "criteria": {
      "has_iron_ingot": "2024-05-14 02:14:51 +0000"
    },
    "done": true
  },
  "betternether:recipes/decorations/nether_mushroom_bar_stool": {
    "criteria": {
      "has_365_stick": "2024-05-14 02:08:34 +0000"
    },
    "done": true
  },
  "minecraft:recipes/decorations/crafting_table": {
    "criteria": {
      "has_planks": "2024-05-14 02:08:29 +0000"
    },
    "done": true
  },
  "minecraft:recipes/decorations/candle": {
    "criteria": {
      "has_string": "2024-05-14 02:14:51 +0000"
    },
    "done": true
  },
  "minecraft:recipes/decorations/campfire": {
    "criteria": {
      "has_coal": "2024-05-14 02:07:27 +0000"
    },
    "done": true
  },
  "minecraft:recipes/tools/golden_hoe": {
    "criteria": {
      "has_gold_ingot": "2024-05-14 02:13:22 +0000"
    },
    "done": true
  },
  "betternether:recipes/decorations/mushroom_fir_sign": {
    "criteria": {
      "has_310_stick": "2024-05-14 02:08:34 +0000"
    },
    "done": true
  },
  "minecraft:recipes/food/bread": {
    "criteria": {
      "has_wheat": "2024-05-14 02:08:00 +0000"
    },
    "done": true
  },
  "minecraft:recipes/building_blocks/smooth_stone": {
    "criteria": {
      "has_stone": "2024-05-14 02:05:34 +0000"
    },
    "done": true
  },
  "minecraft:recipes/decorations/ladder": {
    "criteria": {
      "has_stick": "2024-05-14 02:08:34 +0000"
    },
    "done": true
  },
  "betternether:recipes/decorations/nether_mushroom_ladder": {
    "criteria": {
      "has_351_stick": "2024-05-14 02:08:34 +0000"
    },
    "done": true
  },
  "betterend:recipes/tools/diamond_hammer": {
    "criteria": {
      "has_1127_stick": "2024-05-14 02:08:34 +0000"
    },
    "done": true
  },
  "minecraft:recipes/misc/iron_nugget": {
    "criteria": {
      "has_iron_ingot": "2024-05-14 02:14:51 +0000"
    },
    "done": true
  },
  "betternether:recipes/decorations/bar_stool_cincinnasite": {
    "criteria": {
      "has_194_stick": "2024-05-14 02:08:34 +0000"
    },
    "done": true
  },
  "minecraft:recipes/decorations/chest": {
    "criteria": {
      "has_lots_of_items": "2024-05-14 02:07:27 +0000"
    },
    "done": true
  },
  "minecraft:recipes/combat/golden_sword": {
    "criteria": {
      "has_gold_ingot": "2024-05-14 02:13:22 +0000"
    },
    "done": true
  },
  "minecraft:recipes/building_blocks/stone_slab_from_stone_stonecutting": {
    "criteria": {
      "has_stone": "2024-05-14 02:05:34 +0000"
    },
    "done": true
  },
  "minecraft:recipes/building_blocks/chiseled_stone_bricks_stone_from_stonecutting": {
    "criteria": {
      "has_stone": "2024-05-14 02:05:34 +0000"
    },
    "done": true
  },
  "minecraft:recipes/transportation/mangrove_boat": {
    "criteria": {
      "in_water": "2024-05-14 02:05:19 +0000"
    },
    "done": true
  },
  "betternether:recipes/decorations/warped_bar_stool": {
    "criteria": {
      "has_256_stick": "2024-05-14 02:08:34 +0000"
    },
    "done": true
  },
  "betternether:recipes/decorations/wart_ladder": {
    "criteria": {
      "has_165_stick": "2024-05-14 02:08:34 +0000"
    },
    "done": true
  },
  "betternether:recipes/decorations/willow_fence": {
    "criteria": {
      "has_119_stick": "2024-05-14 02:08:34 +0000"
    },
    "done": true
  },
  "betternether:recipes/decorations/rubeus_ladder": {
    "criteria": {
      "has_274_stick": "2024-05-14 02:08:34 +0000"
    },
    "done": true
  },
  "minecraft:recipes/tools/wooden_shovel": {
    "criteria": {
      "has_stick": "2024-05-14 02:08:34 +0000"
    },
    "done": true
  },
  "minecraft:recipes/combat/diamond_sword": {
    "criteria": {
      "has_diamond": "2024-05-14 02:11:34 +0000"
    },
    "done": true
  },
  "betterend:recipes/decorations/lacugrove_fence": {
    "criteria": {
      "has_650_stick": "2024-05-14 02:08:34 +0000"
    },
    "done": true
  },
  "minecraft:recipes/tools/shears": {
    "criteria": {
      "has_iron_ingot": "2024-05-14 02:14:51 +0000"
    },
    "done": true
  },
  "minecraft:recipes/misc/stick": {
    "criteria": {
      "has_planks": "2024-05-14 02:08:29 +0000"
    },
    "done": true
  },
  "betterend:recipes/tools/iron_hammer": {
    "criteria": {
      "has_1123_stick": "2024-05-14 02:08:34 +0000"
    },
    "done": true
  },
  "minecraft:recipes/building_blocks/stone_brick_slab_from_stone_stonecutting": {
    "criteria": {
      "has_stone": "2024-05-14 02:05:34 +0000"
    },
    "done": true
  },
  "minecraft:recipes/decorations/jukebox": {
    "criteria": {
      "has_diamond": "2024-05-14 02:11:34 +0000"
    },
    "done": true
  },
  "minecraft:recipes/transportation/spruce_boat": {
    "criteria": {
      "in_water": "2024-05-14 02:05:19 +0000"
    },
    "done": true
  },
  "betternether:recipes/decorations/nether_sakura_taburet": {
    "criteria": {
      "has_429_stick": "2024-05-14 02:08:34 +0000"
    },
    "done": true
  },
  "betterend:recipes/decorations/terminite_axe": {
    "criteria": {
      "has_1_stick": "2024-05-14 02:08:34 +0000"
    },
    "done": true
  },
  "minecraft:recipes/redstone/dispenser": {
    "criteria": {
      "has_bow": "2024-05-14 02:18:09 +0000"
    },
    "done": true
  },
  "betternether:recipes/decorations/nether_reed_taburet": {
    "criteria": {
      "has_67_stick": "2024-05-14 02:08:34 +0000"
    },
    "done": true
  },
  "minecraft:recipes/building_blocks/emerald_block": {
    "criteria": {
      "has_emerald": "2024-05-14 02:07:31 +0000"
    },
    "done": true
  },
  "betternether:recipes/decorations/piston": {
    "criteria": {
      "has_1171_redstone": "2024-05-14 02:06:59 +0000"
    },
    "done": true
  },
  "minecraft:recipes/food/cake": {
    "criteria": {
      "has_egg": "2024-05-14 02:05:42 +0000"
    },
    "done": true
  },
  "minecraft:recipes/misc/gold_nugget": {
    "criteria": {
      "has_gold_ingot": "2024-05-14 02:13:22 +0000"
    },
    "done": true
  },
  "minecraft:recipes/combat/iron_leggings": {
    "criteria": {
      "has_iron_ingot": "2024-05-14 02:14:51 +0000"
    },
    "done": true
  },
  "betternether:recipes/decorations/activator_rail": {
    "criteria": {
      "has_1192_stick": "2024-05-14 02:08:34 +0000"
    },
    "done": true
  },
  "betternether:recipes/tools/cincinnasite_pickaxe_diamond": {
    "criteria": {
      "has_20_diamond": "2024-05-14 02:11:34 +0000",
      "has_18_diamond": "2024-05-14 02:11:34 +0000"
    },
    "done": true
  },
  "betternether:recipes/decorations/dark_oak_bar_stool": {
    "criteria": {
      "has_252_stick": "2024-05-14 02:08:34 +0000"
    },
    "done": true
  },
  "minecraft:husbandry/balanced_diet": {
    "criteria": {
      "bread": "2024-05-14 02:07:25 +0000"
    },
    "done": false
  },
  "minecraft:recipes/tools/wooden_hoe": {
    "criteria": {
      "has_stick": "2024-05-14 02:08:34 +0000"
    },
    "done": true
  },
  "minecraft:recipes/combat/shield": {
    "criteria": {
      "has_iron_ingot": "2024-05-14 02:14:51 +0000"
    },
    "done": true
  },
  "betternether:recipes/decorations/mushroom_fir_bookshelf": {
    "criteria": {
      "has_315_book": "2024-05-14 02:13:23 +0000"
    },
    "done": true
  },
  "minecraft:recipes/misc/bucket": {
    "criteria": {
      "has_iron_ingot": "2024-05-14 02:14:51 +0000"
    },
    "done": true
  },
  "minecraft:recipes/redstone/trapped_chest": {
    "criteria": {
      "has_tripwire_hook": "2024-05-14 02:15:23 +0000"
    },
    "done": true
  },
  "minecraft:recipes/redstone/hopper": {
    "criteria": {
      "has_iron_ingot": "2024-05-14 02:14:51 +0000"
    },
    "done": true
  },
  "betternether:recipes/tools/cincinnasite_sword_diamond": {
    "criteria": {
      "has_17_diamond": "2024-05-14 02:11:34 +0000",
      "has_15_diamond": "2024-05-14 02:11:33 +0000"
    },
    "done": true
  },
  "betternether:recipes/decorations/nether_sakura_bar_stool": {
    "criteria": {
      "has_433_stick": "2024-05-14 02:08:34 +0000"
    },
    "done": true
  },
  "minecraft:recipes/redstone/note_block": {
    "criteria": {
      "has_redstone": "2024-05-14 02:06:59 +0000"
    },
    "done": true
  },
  "betternether:recipes/decorations/willow_sign": {
    "criteria": {
      "has_130_stick": "2024-05-14 02:08:34 +0000"
    },
    "done": true
  },
  "bclib:recipes/decorations/tag_piston": {
    "criteria": {
      "has_436_redstone": "2024-05-14 02:06:59 +0000"
    },
    "done": true
  },
  "galosphere:recipes/galosphere/silver_ingot_from_nuggets": {
    "criteria": {
      "has_silver_nugget": "2024-05-14 02:16:11 +0000"
    },
    "done": true
  },
  "betternether:recipes/decorations/nether_sakura_gate": {
    "criteria": {
      "has_408_stick": "2024-05-14 02:08:34 +0000"
    },
    "done": true
  },
  "incendium:technical/using/shield": {
    "criteria": {
      "log_spam_fixer": "2024-05-14 02:04:51 +0000"
    },
    "done": false
  },
  "betternether:recipes/decorations/rubeus_taburet": {
    "criteria": {
      "has_288_stick": "2024-05-14 02:08:34 +0000"
    },
    "done": true
  },
  "betternether:recipes/decorations/crimson_chair": {
    "criteria": {
      "has_238_stick": "2024-05-14 02:08:34 +0000"
    },
    "done": true
  },
  "minecraft:recipes/building_blocks/hay_block": {
    "criteria": {
      "has_wheat": "2024-05-14 02:08:00 +0000"
    },
    "done": true
  },
  "betternether:recipes/decorations/stalagnate_fence": {
    "criteria": {
      "has_81_stick": "2024-05-14 02:08:34 +0000"
    },
    "done": true
  },
  "minecraft:recipes/combat/iron_helmet": {
    "criteria": {
      "has_iron_ingot": "2024-05-14 02:14:51 +0000"
    },
    "done": true
  },
  "minecraft:recipes/tools/golden_shovel": {
    "criteria": {
      "has_gold_ingot": "2024-05-14 02:13:22 +0000"
    },
    "done": true
  },
  "betterend:recipes/decorations/pythadendron_ladder": {
    "criteria": {
      "has_607_stick": "2024-05-14 02:08:34 +0000"
    },
    "done": true
  },
  "minecraft:recipes/combat/bow": {
    "criteria": {
      "has_string": "2024-05-14 02:14:51 +0000"
    },
    "done": true
  },
  "betternether:recipes/decorations/nether_reed_sign": {
    "criteria": {
      "has_59_stick": "2024-05-14 02:08:34 +0000"
    },
    "done": true
  },
  "minecraft:nether/get_wither_skull": {
    "criteria": {
      "wither_skull": "2024-05-14 02:08:23 +0000"
    },
    "done": true
  },
  "minecraft:recipes/redstone/oak_fence_gate": {
    "criteria": {
      "has_planks": "2024-05-14 02:08:29 +0000"
    },
    "done": true
  },
  "minecraft:recipes/redstone/lectern": {
    "criteria": {
      "has_book": "2024-05-14 02:13:23 +0000"
    },
    "done": true
  },
  "incendium:technical/using/trailblazer": {
    "criteria": {
      "log_spam_fixer": "2024-05-14 02:04:51 +0000"
    },
    "done": false
  },
  "betterend:recipes/decorations/umbrella_tree_sign": {
    "criteria": {
      "has_765_stick": "2024-05-14 02:08:34 +0000"
    },
    "done": true
  },
  "minecraft:recipes/building_blocks/stone_stairs_from_stone_stonecutting": {
    "criteria": {
      "has_stone": "2024-05-14 02:05:34 +0000"
    },
    "done": true
  },
  "betterend:recipes/decorations/lucernia_sign": {
    "criteria": {
      "has_817_stick": "2024-05-14 02:08:34 +0000"
    },
    "done": true
  },
  "minecraft:recipes/decorations/iron_bars": {
    "criteria": {
      "has_iron_ingot": "2024-05-14 02:14:51 +0000"
    },
    "done": true
  },
  "betternether:recipes/decorations/anchor_tree_taburet": {
    "criteria": {
      "has_395_stick": "2024-05-14 02:08:34 +0000"
    },
    "done": true
  },
  "incendium:technical/scroll_of_returning": {
    "criteria": {
      "log_spam_fixer": "2024-05-14 02:04:51 +0000"
    },
    "done": false
  },
  "betternether:recipes/decorations/mushroom_fir_fence": {
    "criteria": {
      "has_299_stick": "2024-05-14 02:08:34 +0000"
    },
    "done": true
  },
  "minecraft:recipes/building_blocks/gold_block": {
    "criteria": {
      "has_gold_ingot": "2024-05-14 02:13:22 +0000"
    },
    "done": true
  },
  "minecraft:story/obtain_armor": {
    "criteria": {
      "iron_chestplate": "2024-05-14 02:11:48 +0000"
    },
    "done": true
  },
  "minecraft:recipes/combat/diamond_chestplate": {
    "criteria": {
      "has_diamond": "2024-05-14 02:11:34 +0000"
    },
    "done": true
  },
  "galosphere:adventure/sterling_armor": {
    "criteria": {
      "sterling_armor": "2024-05-14 02:12:56 +0000"
    },
    "done": true
  },
  "minecraft:recipes/redstone/target": {
    "criteria": {
      "has_hay_block": "2024-05-14 02:05:43 +0000"
    },
    "done": true
  },
  "minecraft:recipes/transportation/minecart": {
    "criteria": {
      "has_iron_ingot": "2024-05-14 02:14:51 +0000"
    },
    "done": true
  },
  "betternether:recipes/decorations/warped_bookshelf": {
    "criteria": {
      "has_200_book": "2024-05-14 02:13:23 +0000"
    },
    "done": true
  },
  "betterend:recipes/decorations/pythadendron_gate": {
    "criteria": {
      "has_600_stick": "2024-05-14 02:08:34 +0000"
    },
    "done": true
  },
  "betterend:recipes/decorations/helix_tree_bookshelf": {
    "criteria": {
      "has_744_book": "2024-05-14 02:13:23 +0000"
    },
    "done": true
  },
  "minecraft:recipes/combat/diamond_leggings": {
    "criteria": {
      "has_diamond": "2024-05-14 02:11:34 +0000"
    },
    "done": true
  },
  "betterend:recipes/decorations/lacugrove_gate": {
    "criteria": {
      "has_652_stick": "2024-05-14 02:08:34 +0000"
    },
    "done": true
  },
  "minecraft:recipes/misc/charcoal": {
    "criteria": {
      "has_log": "2024-05-14 02:05:31 +0000"
    },
    "done": true
  },
  "minecraft:recipes/tools/iron_hoe": {
    "criteria": {
      "has_iron_ingot": "2024-05-14 02:14:51 +0000"
    },
    "done": true
  },
  "minecraft:recipes/tools/wooden_pickaxe": {
    "criteria": {
      "has_stick": "2024-05-14 02:08:34 +0000"
    },
    "done": true
  },
  "betternether:recipes/decorations/oak_chair": {
    "criteria": {
      "has_226_stick": "2024-05-14 02:08:34 +0000"
    },
    "done": true
  },
  "minecraft:recipes/redstone/redstone_torch": {
    "criteria": {
      "has_redstone": "2024-05-14 02:06:59 +0000"
    },
    "done": true
  },
  "betternether:recipes/decorations/warped_ladder": {
    "criteria": {
      "has_260_stick": "2024-05-14 02:08:34 +0000"
    },
    "done": true
  },
  "minecraft:husbandry/root": {
    "criteria": {
      "consumed_item": "2024-05-14 02:07:25 +0000"
    },
    "done": true
  },
  "betternether:recipes/decorations/jungle_taburet": {
    "criteria": {
      "has_216_stick": "2024-05-14 02:08:34 +0000"
    },
    "done": true
  },
  "minecraft:recipes/transportation/birch_boat": {
    "criteria": {
      "in_water": "2024-05-14 02:05:19 +0000"
    },
    "done": true
  },
  "minecraft:recipes/food/golden_apple": {
    "criteria": {
      "has_gold_ingot": "2024-05-14 02:13:22 +0000"
    },
    "done": true
  },
  "betternether:recipes/decorations/anchor_tree_bookshelf": {
    "criteria": {
      "has_388_book": "2024-05-14 02:13:23 +0000"
    },
    "done": true
  },
  "betterend:recipes/decorations/umbrella_tree_bookshelf": {
    "criteria": {
      "has_770_book": "2024-05-14 02:13:23 +0000"
    },
    "done": true
  },
  "minecraft:recipes/building_blocks/oak_stairs": {
    "criteria": {
      "has_planks": "2024-05-14 02:08:29 +0000"
    },
    "done": true
  },
  "betternether:recipes/decorations/nether_mushroom_chair": {
    "criteria": {
      "has_363_stick": "2024-05-14 02:08:34 +0000"
    },
    "done": true
  },
  "betternether:recipes/decorations/nether_sakura_chair": {
    "criteria": {
      "has_431_stick": "2024-05-14 02:08:34 +0000"
    },
    "done": true
  },
  "betterend:recipes/decorations/leather_wrapped_stick": {
    "criteria": {
      "has_1110_stick": "2024-05-14 02:08:34 +0000"
    },
    "done": true
  },
  "minecraft:recipes/tools/iron_shovel": {
    "criteria": {
      "has_iron_ingot": "2024-05-14 02:14:51 +0000"
    },
    "done": true
  },
  "minecraft:recipes/transportation/acacia_boat": {
    "criteria": {
      "in_water": "2024-05-14 02:05:19 +0000"
    },
    "done": true
  },
  "betterend:recipes/decorations/tenanea_fence": {
    "criteria": {
      "has_702_stick": "2024-05-14 02:08:34 +0000"
    },
    "done": true
  },
  "minecraft:recipes/redstone/iron_trapdoor": {
    "criteria": {
      "has_iron_ingot": "2024-05-14 02:14:51 +0000"
    },
    "done": true
  },
  "wondrouswilds:recipes/building_blocks/hollow_oak_log": {
    "criteria": {
      "has_log": "2024-05-14 02:05:31 +0000"
    },
    "done": true
  },
  "incendium:technical/inventory/firestorm": {
    "criteria": {
      "log_spam_fixer": "2024-05-14 02:21:57 +0000"
    },
    "done": false
  },
  "minecraft:adventure/root": {
    "criteria": {
      "killed_something": "2024-05-14 02:12:34 +0000"
    },
    "done": true
  },
  "betternether:recipes/decorations/willow_bookshelf": {
    "criteria": {
      "has_135_book": "2024-05-14 02:13:23 +0000"
    },
    "done": true
  },
  "betternether:recipes/decorations/dark_oak_taburet": {
    "criteria": {
      "has_220_stick": "2024-05-14 02:08:34 +0000"
    },
    "done": true
  },
  "betternether:recipes/decorations/willow_ladder": {
    "criteria": {
      "has_128_stick": "2024-05-14 02:08:34 +0000"
    },
    "done": true
  },
  "betternether:recipes/decorations/mushroom_fir_chair": {
    "criteria": {
      "has_333_stick": "2024-05-14 02:08:34 +0000"
    },
    "done": true
  },
  "minecraft:recipes/building_blocks/stone_brick_stairs_from_stone_stonecutting": {
    "criteria": {
      "has_stone": "2024-05-14 02:05:34 +0000"
    },
    "done": true
  },
  "minecraft:recipes/tools/clock": {
    "criteria": {
      "has_redstone": "2024-05-14 02:06:59 +0000"
    },
    "done": true
  },
  "betternether:recipes/decorations/wart_sign": {
    "criteria": {
      "has_167_stick": "2024-05-14 02:08:34 +0000"
    },
    "done": true
  },
  "minecraft:recipes/building_blocks/white_wool_from_string": {
    "criteria": {
      "has_string": "2024-05-14 02:14:51 +0000"
    },
    "done": true
  },
  "minecraft:recipes/tools/diamond_pickaxe": {
    "criteria": {
      "has_diamond": "2024-05-14 02:11:34 +0000"
    },
    "done": true
  },
  "minecraft:recipes/tools/diamond_hoe": {
    "criteria": {
      "has_diamond": "2024-05-14 02:11:33 +0000"
    },
    "done": true
  },
  "minecraft:recipes/food/baked_potato_from_smoking": {
    "criteria": {
      "has_potato": "2024-05-14 02:06:08 +0000"
    },
    "done": true
  },
  "minecraft:adventure/kill_all_mobs": {
    "criteria": {
      "minecraft:pillager": "2024-05-14 02:16:13 +0000",
      "minecraft:skeleton": "2024-05-14 02:12:34 +0000",
      "minecraft:vindicator": "2024-05-14 02:16:53 +0000",
      "minecraft:magma_cube": "2024-05-14 02:15:12 +0000",
      "minecraft:witch": "2024-05-14 02:20:27 +0000",
      "minecraft:husk": "2024-05-14 02:20:20 +0000",
      "minecraft:zombie": "2024-05-14 02:20:17 +0000"
    },
    "done": false
  },
  "minecraft:recipes/tools/diamond_shovel": {
    "criteria": {
      "has_diamond": "2024-05-14 02:11:34 +0000"
    },
    "done": true
  },
  "betternether:recipes/decorations/nether_mushroom_taburet": {
    "criteria": {
      "has_361_stick": "2024-05-14 02:08:34 +0000"
    },
    "done": true
  },
  "betternether:recipes/decorations/rubeus_bookshelf": {
    "criteria": {
      "has_281_book": "2024-05-14 02:13:23 +0000"
    },
    "done": true
  },
  "betternether:recipes/decorations/birch_chair": {
    "criteria": {
      "has_230_stick": "2024-05-14 02:08:34 +0000"
    },
    "done": true
  },
  "betterend:recipes/tools/golden_hammer": {
    "criteria": {
      "has_1125_stick": "2024-05-14 02:08:34 +0000"
    },
    "done": true
  },
  "betternether:recipes/decorations/rubeus_gate": {
    "criteria": {
      "has_267_stick": "2024-05-14 02:08:34 +0000"
    },
    "done": true
  },
  "incendium:technical/sentrys_wrath": {
    "criteria": {
      "log_spam_fixer": "2024-05-14 02:21:57 +0000"
    },
    "done": false
  },
  "betternether:recipes/decorations/nether_mushroom_sign": {
    "criteria": {
      "has_353_stick": "2024-05-14 02:08:34 +0000"
    },
    "done": true
  },
  "betternether:recipes/decorations/rail": {
    "criteria": {
      "has_1163_stick": "2024-05-14 02:08:34 +0000"
    },
    "done": true
  },
  "minecraft:recipes/redstone/redstone_block": {
    "criteria": {
      "has_redstone": "2024-05-14 02:06:59 +0000"
    },
    "done": true
  },
  "betternether:recipes/decorations/stalagnate_taburet": {
    "criteria": {
      "has_104_stick": "2024-05-14 02:08:34 +0000"
    },
    "done": true
  },
  "minecraft:recipes/food/baked_potato": {
    "criteria": {
      "has_potato": "2024-05-14 02:06:08 +0000"
    },
    "done": true
  },
  "minecraft:recipes/food/cooked_beef_from_smoking": {
    "criteria": {
      "has_beef": "2024-05-14 02:07:14 +0000"
    },
    "done": true
  },
  "betternether:recipes/decorations/acacia_bar_stool": {
    "criteria": {
      "has_250_stick": "2024-05-14 02:08:34 +0000"
    },
    "done": true
  },
  "betternether:recipes/decorations/jungle_chair": {
    "criteria": {
      "has_232_stick": "2024-05-14 02:08:34 +0000"
    },
    "done": true
  },
  "betterend:recipes/decorations/lacugrove_bookshelf": {
    "criteria": {
      "has_666_book": "2024-05-14 02:13:23 +0000"
    },
    "done": true
  },
  "minecraft:recipes/misc/iron_nugget_from_smelting": {
    "criteria": {
      "has_iron_sword": "2024-05-14 02:11:46 +0000"
    },
    "done": true
  },
  "minecraft:recipes/food/cooked_mutton_from_smoking": {
    "criteria": {
      "has_mutton": "2024-05-14 02:07:16 +0000"
    },
    "done": true
  },
  "betterend:recipes/decorations/thallasium_pickaxe": {
    "criteria": {
      "has_1_stick": "2024-05-14 02:08:34 +0000"
    },
    "done": true
  },
  "betternether:recipes/decorations/stalagnate_sign": {
    "criteria": {
      "has_92_stick": "2024-05-14 02:08:34 +0000"
    },
    "done": true
  },
  "betternether:recipes/decorations/spruce_chair": {
    "criteria": {
      "has_228_stick": "2024-05-14 02:08:34 +0000"
    },
    "done": true
  },
  "betternether:recipes/decorations/nether_sakura_fence": {
    "criteria": {
      "has_406_stick": "2024-05-14 02:08:34 +0000"
    },
    "done": true
  },
  "betterend:recipes/decorations/dragon_tree_bookshelf": {
    "criteria": {
      "has_692_book": "2024-05-14 02:13:23 +0000"
    },
    "done": true
  },
  "betterend:recipes/decorations/jellyshroom_gate": {
    "criteria": {
      "has_782_stick": "2024-05-14 02:08:34 +0000"
    },
    "done": true
  },
  "betternether:recipes/decorations/rubeus_chair": {
    "criteria": {
      "has_290_stick": "2024-05-14 02:08:34 +0000"
    },
    "done": true
  },
  "betternether:recipes/tools/cincinnasite_shovel_diamond": {
    "criteria": {
      "has_23_diamond": "2024-05-14 02:11:34 +0000",
      "has_21_diamond": "2024-05-14 02:11:34 +0000"
    },
    "done": true
  },
  "betterdeserttemples:root": {
    "criteria": {
      "always": "2024-05-14 02:04:49 +0000"
    },
    "done": true
  },
  "betternether:recipes/decorations/anchor_tree_fence": {
    "criteria": {
      "has_372_stick": "2024-05-14 02:08:34 +0000"
    },
    "done": true
  },
  "minecraft:recipes/decorations/chain": {
    "criteria": {
      "has_iron_ingot": "2024-05-14 02:14:51 +0000"
    },
    "done": true
  },
  "betternether:recipes/decorations/stalagnate_chair": {
    "criteria": {
      "has_106_stick": "2024-05-14 02:08:34 +0000"
    },
    "done": true
  },
  "incendium:technical/feed_ghastling": {
    "criteria": {
      "log_spam_fixer": "2024-05-14 02:21:57 +0000"
    },
    "done": false
  },
  "minecraft:story/mine_diamond": {
    "criteria": {
      "diamond": "2024-05-14 02:11:33 +0000"
    },
    "done": true
  },
  "betterend:recipes/decorations/thallasium_sword_handle": {
    "criteria": {
      "has_1_stick": "2024-05-14 02:08:34 +0000"
    },
    "done": true
  },
  "betterend:recipes/decorations/jellyshroom_ladder": {
    "criteria": {
      "has_789_stick": "2024-05-14 02:08:34 +0000"
    },
    "done": true
  },
  "betterend:recipes/decorations/tenanea_ladder": {
    "criteria": {
      "has_711_stick": "2024-05-14 02:08:34 +0000"
    },
    "done": true
  },
  "minecraft:recipes/misc/blue_dye": {
    "criteria": {
      "has_lapis_lazuli": "2024-05-14 02:20:42 +0000"
    },
    "done": true
  },
  "minecraft:recipes/combat/diamond_helmet": {
    "criteria": {
      "has_diamond": "2024-05-14 02:11:33 +0000"
    },
    "done": true
  },
  "minecraft:recipes/decorations/oak_fence": {
    "criteria": {
      "has_planks": "2024-05-14 02:08:29 +0000"
    },
    "done": true
  },
  "betterend:recipes/decorations/umbrella_tree_fence": {
    "criteria": {
      "has_754_stick": "2024-05-14 02:08:34 +0000"
    },
    "done": true
  },
  "minecraft:recipes/transportation/oak_boat": {
    "criteria": {
      "in_water": "2024-05-14 02:05:19 +0000"
    },
    "done": true
  },
  "betterend:recipes/decorations/terminite_hammer": {
    "criteria": {
      "has_1_stick": "2024-05-14 02:08:34 +0000"
    },
    "done": true
  },
  "betternether:recipes/decorations/nether_reed_fence": {
    "criteria": {
      "has_48_stick": "2024-05-14 02:08:34 +0000"
    },
    "done": true
  },
  "minecraft:recipes/food/baked_potato_from_campfire_cooking": {
    "criteria": {
      "has_potato": "2024-05-14 02:06:08 +0000"
    },
    "done": true
  },
  "betterend:recipes/decorations/mossy_glowshroom_gate": {
    "criteria": {
      "has_574_stick": "2024-05-14 02:08:34 +0000"
    },
    "done": true
  },
  "betternether:recipes/decorations/mushroom_fir_bar_stool": {
    "criteria": {
      "has_335_stick": "2024-05-14 02:08:34 +0000"
    },
    "done": true
  },
  "minecraft:recipes/building_blocks/oak_slab": {
    "criteria": {
      "has_planks": "2024-05-14 02:08:29 +0000"
    },
    "done": true
  },
  "incendium:technical/on_inventory_change": {
    "criteria": {
      "log_spam_fixer": "2024-05-14 02:21:57 +0000"
    },
    "done": false
  },
  "minecraft:recipes/combat/golden_boots": {
    "criteria": {
      "has_gold_ingot": "2024-05-14 02:13:22 +0000"
    },
    "done": true
  },
  "betternether:recipes/decorations/willow_taburet": {
    "criteria": {
      "has_142_stick": "2024-05-14 02:08:34 +0000"
    },
    "done": true
  },
  "minecraft:recipes/tools/wooden_axe": {
    "criteria": {
      "has_stick": "2024-05-14 02:08:34 +0000"
    },
    "done": true
  },
  "betternether:recipes/decorations/crimson_bar_stool": {
    "criteria": {
      "has_254_stick": "2024-05-14 02:08:34 +0000"
    },
    "done": true
  },
  "betterend:recipes/decorations/end_lotus_bookshelf": {
    "criteria": {
      "has_640_book": "2024-05-14 02:13:23 +0000"
    },
    "done": true
  },
  "betterend:recipes/decorations/tenanea_sign": {
    "criteria": {
      "has_713_stick": "2024-05-14 02:08:34 +0000"
    },
    "done": true
  },
  "betternether:recipes/decorations/dark_oak_chair": {
    "criteria": {
      "has_236_stick": "2024-05-14 02:08:34 +0000"
    },
    "done": true
  },
  "bclib:recipes/decorations/tag_cauldron": {
    "criteria": {
      "has_tag_iron_ingots": "2024-05-14 02:14:51 +0000"
    },
    "done": true
  },
  "minecraft:recipes/building_blocks/stone_bricks_from_stone_stonecutting": {
    "criteria": {
      "has_stone": "2024-05-14 02:05:34 +0000"
    },
    "done": true
  },
  "dungeons_arise:find_small_blimp": {
    "criteria": {
      "location0": "2024-05-14 02:12:15 +0000"
    },
    "done": true
  },
  "minecraft:recipes/combat/golden_chestplate": {
    "criteria": {
      "has_gold_ingot": "2024-05-14 02:13:22 +0000"
    },
    "done": true
  },
  "betterend:recipes/decorations/helix_tree_fence": {
    "criteria": {
      "has_728_stick": "2024-05-14 02:08:34 +0000"
    },
    "done": true
  },
  "betternether:recipes/decorations/birch_bar_stool": {
    "criteria": {
      "has_246_stick": "2024-05-14 02:08:34 +0000"
    },
    "done": true
  },
  "minecraft:recipes/decorations/loom": {
    "criteria": {
      "has_string": "2024-05-14 02:14:51 +0000"
    },
    "done": true
  },
  "betternether:ruby_tools": {
    "criteria": {
      "nether_ruby_sword": "2024-05-14 02:14:32 +0000"
    },
    "done": true
  },
  "minecraft:recipes/misc/iron_ingot_from_blasting_raw_iron": {
    "criteria": {
      "has_raw_iron": "2024-05-14 02:06:57 +0000"
    },
    "done": true
  },
  "betternether:recipes/decorations/warped_chair": {
    "criteria": {
      "has_240_stick": "2024-05-14 02:08:34 +0000"
    },
    "done": true
  },
  "betternether:recipes/decorations/willow_bar_stool": {
    "criteria": {
      "has_146_stick": "2024-05-14 02:08:34 +0000"
    },
    "done": true
  },
  "betternether:recipes/decorations/mushroom_fir_taburet": {
    "criteria": {
      "has_331_stick": "2024-05-14 02:08:34 +0000"
    },
    "done": true
  },
  "minecraft:recipes/tools/diamond_axe": {
    "criteria": {
      "has_diamond": "2024-05-14 02:11:33 +0000"
    },
    "done": true
  },
  "betternether:recipes/decorations/anchor_tree_bar_stool": {
    "criteria": {
      "has_399_stick": "2024-05-14 02:08:34 +0000"
    },
    "done": true
  },
  "betternether:recipes/decorations/nether_sakura_bookshelf": {
    "criteria": {
      "has_422_book": "2024-05-14 02:13:23 +0000"
    },
    "done": true
  },
  "betterend:recipes/decorations/terminite_sword_handle": {
    "criteria": {
      "has_1_stick": "2024-05-14 02:08:34 +0000"
    },
    "done": true
  },
  "betternether:recipes/decorations/acacia_chair": {
    "criteria": {
      "has_234_stick": "2024-05-14 02:08:34 +0000"
    },
    "done": true
  },
  "betterend:recipes/decorations/end_lotus_sign": {
    "criteria": {
      "has_635_stick": "2024-05-14 02:08:34 +0000"
    },
    "done": true
  },
  "betterend:recipes/decorations/thallasium_hoe": {
    "criteria": {
      "has_1_stick": "2024-05-14 02:08:34 +0000"
    },
    "done": true
  },
  "betternether:recipes/decorations/nether_mushroom_fence": {
    "criteria": {
      "has_342_stick": "2024-05-14 02:08:34 +0000"
    },
    "done": true
  },
  "betternether:recipes/decorations/rubeus_fence": {
    "criteria": {
      "has_265_stick": "2024-05-14 02:08:34 +0000"
    },
    "done": true
  },
  "betternether:recipes/decorations/nether_reed_ladder": {
    "criteria": {
      "has_57_stick": "2024-05-14 02:08:34 +0000"
    },
    "done": true
  },
  "betternether:recipes/decorations/nether_mushroom_gate": {
    "criteria": {
      "has_344_stick": "2024-05-14 02:08:34 +0000"
    },
    "done": true
  },
  "betternether:recipes/tools/cincinnasite_hoe_diamond": {
    "criteria": {
      "has_27_diamond": "2024-05-14 02:11:34 +0000",
      "has_29_diamond": "2024-05-14 02:11:34 +0000"
    },
    "done": true
  },
  "minecraft:recipes/building_blocks/iron_block": {
    "criteria": {
      "has_iron_ingot": "2024-05-14 02:14:51 +0000"
    },
    "done": true
  },
  "incendium:technical/inventory/sentrys_wrath": {
    "criteria": {
      "log_spam_fixer": "2024-05-14 02:21:57 +0000"
    },
    "done": false
  },
  "betterend:recipes/decorations/mossy_glowshroom_bookshelf": {
    "criteria": {
      "has_588_book": "2024-05-14 02:13:23 +0000"
    },
    "done": true
  },
  "galosphere:recipes/galosphere/barometer": {
    "criteria": {
      "has_redstone": "2024-05-14 02:06:59 +0000"
    },
    "done": true
  },
  "betternether:recipes/decorations/detector_rail": {
    "criteria": {
      "has_1156_redstone": "2024-05-14 02:06:59 +0000"
    },
    "done": true
  },
  "bclib:recipes/decorations/tag_smith_table": {
    "criteria": {
      "has_tag_planks": "2024-05-14 02:08:29 +0000"
    },
    "done": true
  },
  "betterend:recipes/decorations/pythadendron_bookshelf": {
    "criteria": {
      "has_614_book": "2024-05-14 02:13:23 +0000"
    },
    "done": true
  },
  "minecraft:recipes/building_blocks/stone_slab": {
    "criteria": {
      "has_stone": "2024-05-14 02:05:34 +0000"
    },
    "done": true
  },
  "minecraft:recipes/building_blocks/coal_block": {
    "criteria": {
      "has_coal": "2024-05-14 02:07:27 +0000"
    },
    "done": true
  },
  "betterend:recipes/decorations/jellyshroom_bookshelf": {
    "criteria": {
      "has_796_book": "2024-05-14 02:13:23 +0000"
    },
    "done": true
  },
  "betterend:recipes/decorations/helix_tree_sign": {
    "criteria": {
      "has_739_stick": "2024-05-14 02:08:34 +0000"
    },
    "done": true
  },
  "minecraft:recipes/redstone/light_weighted_pressure_plate": {
    "criteria": {
      "has_gold_ingot": "2024-05-14 02:13:22 +0000"
    },
    "done": true
  },
  "minecraft:recipes/combat/wooden_sword": {
    "criteria": {
      "has_stick": "2024-05-14 02:08:34 +0000"
    },
    "done": true
  },
  "minecraft:recipes/building_blocks/oak_planks": {
    "criteria": {
      "has_logs": "2024-05-14 02:05:31 +0000"
    },
    "done": true
  },
  "betternether:recipes/decorations/nether_sakura_sign": {
    "criteria": {
      "has_417_stick": "2024-05-14 02:08:34 +0000"
    },
    "done": true
  },
  "betternether:recipes/decorations/jungle_bar_stool": {
    "criteria": {
      "has_248_stick": "2024-05-14 02:08:34 +0000"
    },
    "done": true
  },
  "minecraft:recipes/building_blocks/bookshelf": {
    "criteria": {
      "has_book": "2024-05-14 02:13:23 +0000"
    },
    "done": true
  },
  "minecraft:recipes/tools/golden_axe": {
    "criteria": {
      "has_gold_ingot": "2024-05-14 02:13:22 +0000"
    },
    "done": true
  },
  "betternether:recipes/decorations/wart_bar_stool": {
    "criteria": {
      "has_183_stick": "2024-05-14 02:08:34 +0000"
    },
    "done": true
  },
  "minecraft:recipes/tools/iron_axe": {
    "criteria": {
      "has_iron_ingot": "2024-05-14 02:14:51 +0000"
    },
    "done": true
  },
  "betternether:recipes/decorations/rubeus_bar_stool": {
    "criteria": {
      "has_292_stick": "2024-05-14 02:08:34 +0000"
    },
    "done": true
  },
  "minecraft:recipes/combat/golden_helmet": {
    "criteria": {
      "has_gold_ingot": "2024-05-14 02:13:22 +0000"
    },
    "done": true
  },
  "betternether:recipes/decorations/stalagnate_bookshelf": {
    "criteria": {
      "has_97_book": "2024-05-14 02:13:23 +0000"
    },
    "done": true
  },
  "betternether:recipes/decorations/wart_chair": {
    "criteria": {
      "has_181_stick": "2024-05-14 02:08:34 +0000"
    },
    "done": true
  },
  "betterend:recipes/decorations/dragon_tree_gate": {
    "criteria": {
      "has_678_stick": "2024-05-14 02:08:34 +0000"
    },
    "done": true
  },
  "minecraft:recipes/redstone/tripwire_hook": {
    "criteria": {
      "has_string": "2024-05-14 02:14:51 +0000"
    },
    "done": true
  },
  "minecraft:recipes/redstone/oak_pressure_plate": {
    "criteria": {
      "has_planks": "2024-05-14 02:08:29 +0000"
    },
    "done": true
  },
  "minecraft:recipes/combat/iron_boots": {
    "criteria": {
      "has_iron_ingot": "2024-05-14 02:14:51 +0000"
    },
    "done": true
  },
  "betterend:recipes/decorations/dragon_tree_fence": {
    "criteria": {
      "has_676_stick": "2024-05-14 02:08:34 +0000"
    },
    "done": true
  },
  "minecraft:recipes/misc/bone_meal": {
    "criteria": {
      "has_bone": "2024-05-14 02:05:28 +0000"
    },
    "done": true
  },
  "minecraft:recipes/building_blocks/birch_planks": {
    "criteria": {
      "has_logs": "2024-05-14 02:08:51 +0000"
    },
    "done": true
  },
  "betternether:recipes/decorations/anchor_tree_chair": {
    "criteria": {
      "has_397_stick": "2024-05-14 02:08:34 +0000"
    },
    "done": true
  },
  "betternether:recipes/decorations/crimson_taburet": {
    "criteria": {
      "has_222_stick": "2024-05-14 02:08:34 +0000"
    },
    "done": true
  },
  "betternether:recipes/decorations/anchor_tree_sign": {
    "criteria": {
      "has_383_stick": "2024-05-14 02:08:34 +0000"
    },
    "done": true
  },
  "minecraft:recipes/misc/skull_banner_pattern": {
    "criteria": {
      "has_wither_skeleton_skull": "2024-05-14 02:08:23 +0000"
    },
    "done": true
  },
  "betternether:recipes/decorations/shield": {
    "criteria": {
      "has_tag_planks": "2024-05-14 02:08:29 +0000"
    },
    "done": true
  },
  "minecraft:recipes/building_blocks/oak_wood": {
    "criteria": {
      "has_log": "2024-05-14 02:05:31 +0000"
    },
    "done": true
  },
  "bclib:recipes/decorations/tag_shield": {
    "criteria": {
      "has_tag_planks": "2024-05-14 02:08:29 +0000"
    },
    "done": true
  },
  "minecraft:story/root": {
    "criteria": {
      "crafting_table": "2024-05-14 02:08:31 +0000"
    },
    "done": true
  },
  "minecraft:recipes/redstone/stone_button": {
    "criteria": {
      "has_stone": "2024-05-14 02:05:34 +0000"
    },
    "done": true
  },
  "betternether:recipes/decorations/nether_reed_chair": {
    "criteria": {
      "has_69_stick": "2024-05-14 02:08:34 +0000"
    },
    "done": true
  },
  "betterend:recipes/decorations/dragon_tree_ladder": {
    "criteria": {
      "has_685_stick": "2024-05-14 02:08:34 +0000"
    },
    "done": true
  },
  "minecraft:recipes/combat/iron_chestplate": {
    "criteria": {
      "has_iron_ingot": "2024-05-14 02:14:51 +0000"
    },
    "done": true
  },
  "betterend:recipes/decorations/lacugrove_ladder": {
    "criteria": {
      "has_659_stick": "2024-05-14 02:08:34 +0000"
    },
    "done": true
  },
  "minecraft:recipes/redstone/dropper": {
    "criteria": {
      "has_redstone": "2024-05-14 02:06:59 +0000"
    },
    "done": true
  },
  "minecraft:recipes/combat/crossbow": {
    "criteria": {
      "has_stick": "2024-05-14 02:08:34 +0000"
    },
    "done": true
  },
  "betterend:recipes/decorations/mossy_glowshroom_fence": {
    "criteria": {
      "has_572_stick": "2024-05-14 02:08:34 +0000"
    },
    "done": true
  },
  "betternether:recipes/decorations/oak_taburet": {
    "criteria": {
      "has_210_stick": "2024-05-14 02:08:34 +0000"
    },
    "done": true
  },
  "betterend:recipes/decorations/thallasium_hammer": {
    "criteria": {
      "has_1_stick": "2024-05-14 02:08:34 +0000"
    },
    "done": true
  },
  "betternether:recipes/decorations/nether_reed_bar_stool": {
    "criteria": {
      "has_71_stick": "2024-05-14 02:08:34 +0000"
    },
    "done": true
  },
  "bclib:recipes/decorations/tag_stonecutter": {
    "criteria": {
      "has_439_stone": "2024-05-14 02:05:34 +0000"
    },
    "done": true
  },
  "minecraft:recipes/decorations/oak_sign": {
    "criteria": {
      "has_planks": "2024-05-14 02:08:29 +0000"
    },
    "done": true
  },
  "minecraft:recipes/redstone/oak_trapdoor": {
    "criteria": {
      "has_planks": "2024-05-14 02:08:29 +0000"
    },
    "done": true
  },
  "betternether:recipes/decorations/willow_gate": {
    "criteria": {
      "has_121_stick": "2024-05-14 02:08:34 +0000"
    },
    "done": true
  },
  "betterend:recipes/decorations/thallasium_shovel": {
    "criteria": {
      "has_1_stick": "2024-05-14 02:08:34 +0000"
    },
    "done": true
  },
  "minecraft:recipes/misc/iron_nugget_from_blasting": {
    "criteria": {
      "has_iron_sword": "2024-05-14 02:11:46 +0000"
    },
    "done": true
  },
  "betterdungeons:root": {
    "criteria": {
      "always": "2024-05-14 02:04:49 +0000"
    },
    "done": true
  },
  "minecraft:recipes/tools/compass": {
    "criteria": {
      "has_redstone": "2024-05-14 02:06:59 +0000"
    },
    "done": true
  },
  "betternether:recipes/decorations/spruce_taburet": {
    "criteria": {
      "has_212_stick": "2024-05-14 02:08:34 +0000"
    },
    "done": true
  },
  "minecraft:adventure/kill_a_mob": {
    "criteria": {
      "minecraft:skeleton": "2024-05-14 02:12:34 +0000"
    },
    "done": true
  },
  "minecraft:recipes/redstone/oak_button": {
    "criteria": {
      "has_planks": "2024-05-14 02:08:29 +0000"
    },
    "done": true
  },
  "minecraft:recipes/tools/golden_pickaxe": {
    "criteria": {
      "has_gold_ingot": "2024-05-14 02:13:22 +0000"
    },
    "done": true
  },
  "betternether:recipes/decorations/anchor_tree_gate": {
    "criteria": {
      "has_374_stick": "2024-05-14 02:08:34 +0000"
    },
    "done": true
  },
  "incendium:technical/multiplex_crossbow": {
    "criteria": {
      "log_spam_fixer": "2024-05-14 02:21:57 +0000"
    },
    "done": false
  },
  "bclib:recipes/decorations/tag_minecart": {
    "criteria": {
      "has_tag_iron_ingots": "2024-05-14 02:14:51 +0000"
    },
    "done": true
  },
  "betternether:recipes/decorations/mushroom_fir_ladder": {
    "criteria": {
      "has_308_stick": "2024-05-14 02:08:34 +0000"
    },
    "done": true
  },
  "betternether:recipes/decorations/nether_reed_gate": {
    "criteria": {
      "has_50_stick": "2024-05-14 02:08:34 +0000"
    },
    "done": true
  },
  "betterend:recipes/decorations/terminite_hoe": {
    "criteria": {
      "has_1_stick": "2024-05-14 02:08:34 +0000"
    },
    "done": true
  },
  "bclib:recipes/decorations/tag_compass": {
    "criteria": {
      "has_440_redstone": "2024-05-14 02:06:59 +0000"
    },
    "done": true
  },
  "betterend:recipes/decorations/jellyshroom_sign": {
    "criteria": {
      "has_791_stick": "2024-05-14 02:08:34 +0000"
    },
    "done": true
  },
  "betterend:recipes/decorations/pythadendron_sign": {
    "criteria": {
      "has_609_stick": "2024-05-14 02:08:34 +0000"
    },
    "done": true
  },
  "betternether:recipes/tools/cincinnasite_axe_diamond": {
    "criteria": {
      "has_24_diamond": "2024-05-14 02:11:34 +0000",
      "has_26_diamond": "2024-05-14 02:11:33 +0000"
    },
    "done": true
  },
  "incendium:technical/firestorm": {
    "criteria": {
      "log_spam_fixer": "2024-05-14 02:21:57 +0000"
    },
    "done": false
  },
  "betterend:recipes/decorations/end_lotus_ladder": {
    "criteria": {
      "has_633_stick": "2024-05-14 02:08:34 +0000"
    },
    "done": true
  },
  "betterend:recipes/decorations/lucernia_bookshelf": {
    "criteria": {
      "has_822_book": "2024-05-14 02:13:23 +0000"
    },
    "done": true
  },
  "minecraft:recipes/decorations/stonecutter": {
    "criteria": {
      "has_stone": "2024-05-14 02:05:34 +0000"
    },
    "done": true
  },
  "betterend:recipes/decorations/iron_bulb_lantern": {
    "criteria": {
      "has_1064_iron_ingot": "2024-05-14 02:14:51 +0000"
    },
    "done": true
  },
  "minecraft:recipes/food/cooked_beef": {
    "criteria": {
      "has_beef": "2024-05-14 02:07:14 +0000"
    },
    "done": true
  },
  "galosphere:recipes/galosphere/chandelier": {
    "criteria": {
      "has_iron_nugget": "2024-05-14 02:18:42 +0000"
    },
    "done": true
  },
  "minecraft:adventure/adventuring_time": {
    "criteria": {
      "minecraft:snowy_slopes": "2024-05-14 02:17:47 +0000",
      "minecraft:taiga": "2024-05-14 02:10:40 +0000",
      "minecraft:sunflower_plains": "2024-05-14 02:19:18 +0000",
      "minecraft:birch_forest": "2024-05-14 02:08:20 +0000",
      "minecraft:dark_forest": "2024-05-14 02:05:53 +0000",
      "minecraft:forest": "2024-05-14 02:10:41 +0000",
      "minecraft:flower_forest": "2024-05-14 02:20:51 +0000",
      "minecraft:old_growth_birch_forest": "2024-05-14 02:09:40 +0000",
      "minecraft:meadow": "2024-05-14 02:04:51 +0000",
      "minecraft:plains": "2024-05-14 02:15:33 +0000"
    },
    "done": false
  },
  "minecraft:recipes/redstone/iron_door": {
    "criteria": {
      "has_iron_ingot": "2024-05-14 02:14:51 +0000"
    },
    "done": true
  },
  "betternether:recipes/decorations/crimson_bookshelf": {
    "criteria": {
      "has_198_book": "2024-05-14 02:13:23 +0000"
    },
    "done": true
  },
  "betterend:recipes/decorations/umbrella_tree_gate": {
    "criteria": {
      "has_756_stick": "2024-05-14 02:08:34 +0000"
    },
    "done": true
  },
  "betterend:recipes/decorations/mossy_glowshroom_ladder": {
    "criteria": {
      "has_581_stick": "2024-05-14 02:08:34 +0000"
    },
    "done": true
  },
  "bclib:recipes/decorations/tag_bucket": {
    "criteria": {
      "has_tag_iron_ingots": "2024-05-14 02:14:51 +0000"
    },
    "done": true
  },
  "incendium:technical/using/ragnarok": {
    "criteria": {
      "log_spam_fixer": "2024-05-14 02:04:51 +0000"
    },
    "done": false
  },
  "betternether:recipes/decorations/willow_chair": {
    "criteria": {
      "has_144_stick": "2024-05-14 02:08:34 +0000"
    },
    "done": true
  },
  "betternether:recipes/decorations/oak_bar_stool": {
    "criteria": {
      "has_242_stick": "2024-05-14 02:08:34 +0000"
    },
    "done": true
  },
  "betterend:recipes/decorations/dragon_tree_sign": {
    "criteria": {
      "has_687_stick": "2024-05-14 02:08:34 +0000"
    },
    "done": true
  },
  "betternether:recipes/decorations/nether_mushroom_bookshelf": {
    "criteria": {
      "has_358_book": "2024-05-14 02:13:23 +0000"
    },
    "done": true
  },
  "minecraft:recipes/decorations/barrel": {
    "criteria": {
      "has_planks": "2024-05-14 02:08:29 +0000"
    },
    "done": true
  },
  "betternether:recipes/decorations/spruce_bar_stool": {
    "criteria": {
      "has_244_stick": "2024-05-14 02:08:34 +0000"
    },
    "done": true
  },
  "incendium:technical/new_player": {
    "criteria": {
      "requirement": "2024-05-14 02:04:49 +0000"
    },
    "done": true
  },
  "minecraft:recipes/misc/iron_ingot_from_smelting_raw_iron": {
    "criteria": {
      "has_raw_iron": "2024-05-14 02:06:57 +0000"
    },
    "done": true
  },
  "betterend:recipes/decorations/pythadendron_fence": {
    "criteria": {
      "has_598_stick": "2024-05-14 02:08:34 +0000"
    },
    "done": true
  },
  "minecraft:recipes/decorations/smithing_table": {
    "criteria": {
      "has_iron_ingot": "2024-05-14 02:14:51 +0000"
    },
    "done": true
  },
  "minecraft:recipes/misc/iron_ingot_from_nuggets": {
    "criteria": {
      "has_iron_nugget": "2024-05-14 02:18:42 +0000"
    },
    "done": true
  },
  "minecraft:recipes/redstone/oak_door": {
    "criteria": {
      "has_planks": "2024-05-14 02:08:29 +0000"
    },
    "done": true
  },
  "incendium:technical/holy_wrath": {
    "criteria": {
      "log_spam_fixer": "2024-05-14 02:21:57 +0000"
    },
    "done": false
  },
  "bclib:recipes/decorations/tag_rail": {
    "criteria": {
      "has_438_stick": "2024-05-14 02:08:34 +0000"
    },
    "done": true
  },
  "betternether:recipes/decorations/rubeus_sign": {
    "criteria": {
      "has_276_stick": "2024-05-14 02:08:34 +0000"
    },
    "done": true
  },
  "minecraft:recipes/redstone/stone_pressure_plate": {
    "criteria": {
      "has_stone": "2024-05-14 02:05:34 +0000"
    },
    "done": true
  },
  "minecraft:recipes/transportation/jungle_boat": {
    "criteria": {
      "in_water": "2024-05-14 02:05:19 +0000"
    },
    "done": true
  },
  "betternether:recipes/decorations/taburet_cincinnasite": {
    "criteria": {
      "has_190_stick": "2024-05-14 02:08:34 +0000"
    },
    "done": true
  },
  "incendium:technical/give_ghastling": {
    "criteria": {
      "log_spam_fixer": "2024-05-14 02:21:57 +0000"
    },
    "done": false
  },
  "minecraft:recipes/decorations/stone_brick_walls_from_stone_stonecutting": {
    "criteria": {
      "has_stone": "2024-05-14 02:05:34 +0000"
    },
    "done": true
  },
  "betternether:recipes/decorations/wart_taburet": {
    "criteria": {
      "has_179_stick": "2024-05-14 02:08:34 +0000"
    },
    "done": true
  },
  "betterend:recipes/decorations/gold_chandelier": {
    "criteria": {
      "has_1118_gold_ingot": "2024-05-14 02:13:22 +0000"
    },
    "done": true
  },
  "incendium:technical/on_kill": {
    "criteria": {
      "log_spam_fixer": "2024-05-14 02:21:57 +0000"
    },
    "done": false
  },
  "minecraft:recipes/building_blocks/diamond_block": {
    "criteria": {
      "has_diamond": "2024-05-14 02:11:34 +0000"
    },
    "done": true
  },
  "minecraft:recipes/redstone/heavy_weighted_pressure_plate": {
    "criteria": {
      "has_iron_ingot": "2024-05-14 02:14:51 +0000"
    },
    "done": true
  },
  "minecraft:recipes/transportation/dark_oak_boat": {
    "criteria": {
      "in_water": "2024-05-14 02:05:19 +0000"
    },
    "done": true
  },
  "betternether:recipes/decorations/wart_bookshelf": {
    "criteria": {
      "has_172_book": "2024-05-14 02:13:23 +0000"
    },
    "done": true
  },
  "betterend:recipes/decorations/helix_tree_gate": {
    "criteria": {
      "has_730_stick": "2024-05-14 02:08:34 +0000"
    },
    "done": true
  },
  "incendium:technical/on_player_hurt": {
    "criteria": {
      "log_spam_fixer": "2024-05-14 02:21:57 +0000"
    },
    "done": false
  },
  "betternether:recipes/decorations/warped_taburet": {
    "criteria": {
      "has_224_stick": "2024-05-14 02:08:34 +0000"
    },
    "done": true
  },
  "minecraft:recipes/building_blocks/lapis_block": {
    "criteria": {
      "has_lapis_lazuli": "2024-05-14 02:20:42 +0000"
    },
    "done": true
  },
  "betterend:recipes/decorations/end_lotus_fence": {
    "criteria": {
      "has_624_stick": "2024-05-14 02:08:34 +0000"
    },
    "done": true
  },
  "betterend:recipes/decorations/thallasium_axe": {
    "criteria": {
      "has_1_stick": "2024-05-14 02:08:34 +0000"
    },
    "done": true
  },
  "betternether:recipes/decorations/stalagnate_bar_stool": {
    "criteria": {
      "has_108_stick": "2024-05-14 02:08:34 +0000"
    },
    "done": true
  },
  "dungeons_arise:wda_root": {
    "criteria": {
      "WDA": "2024-05-14 02:04:49 +0000"
    },
    "done": true
  },
  "betternether:recipes/decorations/crimson_ladder": {
    "criteria": {
      "has_258_stick": "2024-05-14 02:08:34 +0000"
    },
    "done": true
  },
  "betternether:recipes/decorations/mushroom_fir_gate": {
    "criteria": {
      "has_301_stick": "2024-05-14 02:08:34 +0000"
    },
    "done": true
  },
  "minecraft:recipes/combat/golden_leggings": {
    "criteria": {
      "has_gold_ingot": "2024-05-14 02:13:22 +0000"
    },
    "done": true
  },
  "minecraft:recipes/redstone/piston": {
    "criteria": {
      "has_redstone": "2024-05-14 02:06:59 +0000"
    },
    "done": true
  },
  "betterend:recipes/decorations/end_lotus_gate": {
    "criteria": {
      "has_626_stick": "2024-05-14 02:08:34 +0000"
    },
    "done": true
  },
  "minecraft:recipes/decorations/lantern": {
    "criteria": {
      "has_iron_ingot": "2024-05-14 02:14:51 +0000"
    },
    "done": true
  },
  "betternether:recipes/decorations/stalagnate_gate": {
    "criteria": {
      "has_83_stick": "2024-05-14 02:08:34 +0000"
    },
    "done": true
  },
  "betterend:recipes/decorations/helix_tree_ladder": {
    "criteria": {
      "has_737_stick": "2024-05-14 02:08:34 +0000"
    },
    "done": true
  },
  "minecraft:recipes/building_blocks/stone_stairs": {
    "criteria": {
      "has_stone": "2024-05-14 02:05:34 +0000"
    },
    "done": true
  },
  "bclib:recipes/decorations/tag_hopper": {
    "criteria": {
      "has_tag_iron_ingots": "2024-05-14 02:14:51 +0000"
    },
    "done": true
  },
  "betternether:recipes/decorations/birch_taburet": {
    "criteria": {
      "has_214_stick": "2024-05-14 02:08:34 +0000"
    },
    "done": true
  },
  "betternether:recipes/decorations/nether_reed_bookshelf": {
    "criteria": {
      "has_64_book": "2024-05-14 02:13:23 +0000"
    },
    "done": true
  },
  "betternether:recipes/decorations/stalagnate_ladder": {
    "criteria": {
      "has_90_stick": "2024-05-14 02:08:34 +0000"
    },
    "done": true
  },
  "betterend:recipes/decorations/lucernia_gate": {
    "criteria": {
      "has_808_stick": "2024-05-14 02:08:34 +0000"
    },
    "done": true
  },
  "betterend:recipes/decorations/lacugrove_sign": {
    "criteria": {
      "has_661_stick": "2024-05-14 02:08:34 +0000"
    },
    "done": true
  },
  "minecraft:recipes/food/cooked_beef_from_campfire_cooking": {
    "criteria": {
      "has_beef": "2024-05-14 02:07:14 +0000"
    },
    "done": true
  },
  "minecraft:recipes/combat/diamond_boots": {
    "criteria": {
      "has_diamond": "2024-05-14 02:11:34 +0000"
    },
    "done": true
  },
  "betternether:recipes/decorations/wart_fence": {
    "criteria": {
      "has_156_stick": "2024-05-14 02:08:34 +0000"
    },
    "done": true
  },
  "betternether:recipes/decorations/wart_gate": {
    "criteria": {
      "has_158_stick": "2024-05-14 02:08:34 +0000"
    },
    "done": true
  },
  "minecraft:recipes/decorations/soul_campfire": {
    "criteria": {
      "has_stick": "2024-05-14 02:08:34 +0000"
    },
    "done": true
  },
  "minecraft:story/smelt_iron": {
    "criteria": {
      "iron": "2024-05-14 02:14:51 +0000"
    },
    "done": true
  },
  "geocluster:recipes/geocluster.geocluster/prospectors_pick": {
    "criteria": {
      "has_raw_iron": "2024-05-14 02:06:57 +0000"
    },
    "done": true
  },
  "minecraft:recipes/building_blocks/raw_iron_block": {
    "criteria": {
      "has_raw_iron": "2024-05-14 02:06:57 +0000"
    },
    "done": true
  },
  "minecraft:recipes/food/cooked_mutton": {
    "criteria": {
      "has_mutton": "2024-05-14 02:07:16 +0000"
    },
    "done": true
  },
  "betterend:recipes/decorations/mossy_glowshroom_sign": {
    "criteria": {
      "has_583_stick": "2024-05-14 02:08:34 +0000"
    },
    "done": true
  },
  "betternether:recipes/decorations/nether_sakura_ladder": {
    "criteria": {
      "has_415_stick": "2024-05-14 02:08:34 +0000"
    },
    "done": true
  },
  "betternether:recipes/decorations/anchor_tree_ladder": {
    "criteria": {
      "has_381_stick": "2024-05-14 02:08:34 +0000"
    },
    "done": true
  },
  "betterend:recipes/decorations/terminite_shovel": {
    "criteria": {
      "has_1_stick": "2024-05-14 02:08:34 +0000"
    },
    "done": true
  },
  "betterend:recipes/decorations/terminite_pickaxe": {
    "criteria": {
      "has_1_stick": "2024-05-14 02:08:34 +0000"
    },
    "done": true
  },
  "betterend:recipes/decorations/lucernia_ladder": {
    "criteria": {
      "has_815_stick": "2024-05-14 02:08:34 +0000"
    },
    "done": true
  },
  "DataVersion": 3120
}